voltage_v,gas_key,gas_label,wire_key,wire_label,source_key,source_label,wire_diameter_um,wire_radius_cm,outer_radius_cm,ln_b_over_a,surface_field_v_per_cm,surface_field_kv_per_cm,primary_electrons,survival_factor,gain_model,v0_v,gain,collected_charge_c,collected_charge_pc,pulse_width_ns,termination_ohm,peak_voltage_v,peak_voltage_mv,visible_threshold_mv,reliable_threshold_mv,visibility_class,air_corona_onset_estimate_v,air_corona_region_flag,notes
1750,air,air,cf_7p7um_core_plus_0p3um_ni_each_side,7.7 um CF core + 0.3 um Ni each side (8.3 um total dia.),cosmic_muon,cosmic muon,8.3,0.000415,0.5,7.09408485717363,594420.2183619734,594.4202183619734,70.0,1.0,direct_primary_only_no_stable_air_avalanche_modeled,,1.0,1.1214e-17,1.1214000000000001e-05,10.0,50.0,5.6070000000000005e-08,5.6070000000000004e-05,5.0,20.0,not_enough,1400.0,True,air direct-primary estimate only; above rough corona-onset estimate
1750,air,air,cf_7p7um_core_plus_0p3um_ni_each_side,7.7 um CF core + 0.3 um Ni each side (8.3 um total dia.),sr90_beta,Sr90/Y90 beta,8.3,0.000415,0.5,7.09408485717363,594420.2183619734,594.4202183619734,70.9,1.0,direct_primary_only_no_stable_air_avalanche_modeled,,1.0,1.135818e-17,1.1358180000000001e-05,10.0,50.0,5.6790900000000003e-08,5.6790900000000005e-05,5.0,20.0,not_enough,1400.0,True,air direct-primary estimate only; above rough corona-onset estimate
1750,air,air,cf_25um,25 um carbon fiber,cosmic_muon,cosmic muon,25.0,0.00125,0.5,5.991464547107982,233665.74048673385,233.66574048673385,70.0,1.0,direct_primary_only_no_stable_air_avalanche_modeled,,1.0,1.1214e-17,1.1214000000000001e-05,10.0,50.0,5.6070000000000005e-08,5.6070000000000004e-05,5.0,20.0,not_enough,2200.0,False,air direct-primary estimate only; below rough corona-onset estimate
1750,air,air,cf_25um,25 um carbon fiber,sr90_beta,Sr90/Y90 beta,25.0,0.00125,0.5,5.991464547107982,233665.74048673385,233.66574048673385,70.9,1.0,direct_primary_only_no_stable_air_avalanche_modeled,,1.0,1.135818e-17,1.1358180000000001e-05,10.0,50.0,5.6790900000000003e-08,5.6790900000000005e-05,5.0,20.0,not_enough,2200.0,False,air direct-primary estimate only; below rough corona-onset estimate
1750,75Ar25CO2,75Ar25CO2,cf_7p7um_core_plus_0p3um_ni_each_side,7.7 um CF core + 0.3 um Ni each side (8.3 um total dia.),cosmic_muon,cosmic muon,8.3,0.000415,0.5,7.09408485717363,594420.2183619734,594.4202183619734,130.0,0.95,diethorn_like_surrogate,111.87371819762815,683388.9661352229,1.3520645678295545e-11,13.520645678295544,10.0,50.0,0.06760322839147773,67.60322839147773,5.0,20.0,reliable,,False,75Ar25CO2 proportional-gain surrogate model
1750,75Ar25CO2,75Ar25CO2,cf_7p7um_core_plus_0p3um_ni_each_side,7.7 um CF core + 0.3 um Ni each side (8.3 um total dia.),sr90_beta,Sr90/Y90 beta,8.3,0.000415,0.5,7.09408485717363,594420.2183619734,594.4202183619734,121.0,0.95,diethorn_like_surrogate,111.87371819762815,683388.9661352229,1.2584600977490467e-11,12.584600977490467,10.0,50.0,0.06292300488745234,62.923004887452336,5.0,20.0,reliable,,False,75Ar25CO2 proportional-gain surrogate model
1750,75Ar25CO2,75Ar25CO2,cf_25um,25 um carbon fiber,cosmic_muon,cosmic muon,25.0,0.00125,0.5,5.991464547107982,233665.74048673385,233.66574048673385,130.0,0.95,diethorn_like_surrogate,284.59456598762915,36546.39702338821,7.230595011886286e-13,0.7230595011886286,10.0,50.0,0.0036152975059431432,3.6152975059431434,5.0,20.0,not_enough,,False,75Ar25CO2 proportional-gain surrogate model
1750,75Ar25CO2,75Ar25CO2,cf_25um,25 um carbon fiber,sr90_beta,Sr90/Y90 beta,25.0,0.00125,0.5,5.991464547107982,233665.74048673385,233.66574048673385,121.0,0.95,diethorn_like_surrogate,284.59456598762915,36546.39702338821,6.730015357217235e-13,0.6730015357217235,10.0,50.0,0.0033650076786086174,3.365007678608617,5.0,20.0,not_enough,,False,75Ar25CO2 proportional-gain surrogate model
1775,air,air,cf_7p7um_core_plus_0p3um_ni_each_side,7.7 um CF core + 0.3 um Ni each side (8.3 um total dia.),cosmic_muon,cosmic muon,8.3,0.000415,0.5,7.09408485717363,602911.9357671444,602.9119357671444,70.0,1.0,direct_primary_only_no_stable_air_avalanche_modeled,,1.0,1.1214e-17,1.1214000000000001e-05,10.0,50.0,5.6070000000000005e-08,5.6070000000000004e-05,5.0,20.0,not_enough,1400.0,True,air direct-primary estimate only; above rough corona-onset estimate
1775,air,air,cf_7p7um_core_plus_0p3um_ni_each_side,7.7 um CF core + 0.3 um Ni each side (8.3 um total dia.),sr90_beta,Sr90/Y90 beta,8.3,0.000415,0.5,7.09408485717363,602911.9357671444,602.9119357671444,70.9,1.0,direct_primary_only_no_stable_air_avalanche_modeled,,1.0,1.135818e-17,1.1358180000000001e-05,10.0,50.0,5.6790900000000003e-08,5.6790900000000005e-05,5.0,20.0,not_enough,1400.0,True,air direct-primary estimate only; above rough corona-onset estimate
1775,air,air,cf_25um,25 um carbon fiber,cosmic_muon,cosmic muon,25.0,0.00125,0.5,5.991464547107982,237003.82249368718,237.00382249368718,70.0,1.0,direct_primary_only_no_stable_air_avalanche_modeled,,1.0,1.1214e-17,1.1214000000000001e-05,10.0,50.0,5.6070000000000005e-08,5.6070000000000004e-05,5.0,20.0,not_enough,2200.0,False,air direct-primary estimate only; below rough corona-onset estimate
1775,air,air,cf_25um,25 um carbon fiber,sr90_beta,Sr90/Y90 beta,25.0,0.00125,0.5,5.991464547107982,237003.82249368718,237.00382249368718,70.9,1.0,direct_primary_only_no_stable_air_avalanche_modeled,,1.0,1.135818e-17,1.1358180000000001e-05,10.0,50.0,5.6790900000000003e-08,5.6790900000000005e-05,5.0,20.0,not_enough,2200.0,False,air direct-primary estimate only; below rough corona-onset estimate
1775,75Ar25CO2,75Ar25CO2,cf_7p7um_core_plus_0p3um_ni_each_side,7.7 um CF core + 0.3 um Ni each side (8.3 um total dia.),cosmic_muon,cosmic muon,8.3,0.000415,0.5,7.09408485717363,602911.9357671444,602.9119357671444,130.0,0.95,diethorn_like_surrogate,111.87371819762815,888271.6422144925,1.757418795972107e-11,17.574187959721073,10.0,50.0,0.08787093979860536,87.87093979860536,5.0,20.0,reliable,,False,75Ar25CO2 proportional-gain surrogate model
1775,75Ar25CO2,75Ar25CO2,cf_7p7um_core_plus_0p3um_ni_each_side,7.7 um CF core + 0.3 um Ni each side (8.3 um total dia.),sr90_beta,Sr90/Y90 beta,8.3,0.000415,0.5,7.09408485717363,602911.9357671444,602.9119357671444,121.0,0.95,diethorn_like_surrogate,111.87371819762815,888271.6422144925,1.6357513408663455e-11,16.357513408663454,10.0,50.0,0.08178756704331727,81.78756704331727,5.0,20.0,reliable,,False,75Ar25CO2 proportional-gain surrogate model
1775,75Ar25CO2,75Ar25CO2,cf_25um,25 um carbon fiber,cosmic_muon,cosmic muon,25.0,0.00125,0.5,5.991464547107982,237003.82249368718,237.00382249368718,130.0,0.95,diethorn_like_surrogate,284.59456598762915,46149.940964642374,9.1306273700316e-13,0.91306273700316,10.0,50.0,0.0045653136850158,4.5653136850158,5.0,20.0,not_enough,,False,75Ar25CO2 proportional-gain surrogate model
1775,75Ar25CO2,75Ar25CO2,cf_25um,25 um carbon fiber,sr90_beta,Sr90/Y90 beta,25.0,0.00125,0.5,5.991464547107982,237003.82249368718,237.00382249368718,121.0,0.95,diethorn_like_surrogate,284.59456598762915,46149.940964642374,8.498507013644796e-13,0.8498507013644796,10.0,50.0,0.004249253506822398,4.249253506822398,5.0,20.0,not_enough,,False,75Ar25CO2 proportional-gain surrogate model
1800,air,air,cf_7p7um_core_plus_0p3um_ni_each_side,7.7 um CF core + 0.3 um Ni each side (8.3 um total dia.),cosmic_muon,cosmic muon,8.3,0.000415,0.5,7.09408485717363,611403.6531723154,611.4036531723154,70.0,1.0,direct_primary_only_no_stable_air_avalanche_modeled,,1.0,1.1214e-17,1.1214000000000001e-05,10.0,50.0,5.6070000000000005e-08,5.6070000000000004e-05,5.0,20.0,not_enough,1400.0,True,air direct-primary estimate only; above rough corona-onset estimate
1800,air,air,cf_7p7um_core_plus_0p3um_ni_each_side,7.7 um CF core + 0.3 um Ni each side (8.3 um total dia.),sr90_beta,Sr90/Y90 beta,8.3,0.000415,0.5,7.09408485717363,611403.6531723154,611.4036531723154,70.9,1.0,direct_primary_only_no_stable_air_avalanche_modeled,,1.0,1.135818e-17,1.1358180000000001e-05,10.0,50.0,5.6790900000000003e-08,5.6790900000000005e-05,5.0,20.0,not_enough,1400.0,True,air direct-primary estimate only; above rough corona-onset estimate
1800,air,air,cf_25um,25 um carbon fiber,cosmic_muon,cosmic muon,25.0,0.00125,0.5,5.991464547107982,240341.90450064052,240.3419045006405,70.0,1.0,direct_primary_only_no_stable_air_avalanche_modeled,,1.0,1.1214e-17,1.1214000000000001e-05,10.0,50.0,5.6070000000000005e-08,5.6070000000000004e-05,5.0,20.0,not_enough,2200.0,False,air direct-primary estimate only; below rough corona-onset estimate
1800,air,air,cf_25um,25 um carbon fiber,sr90_beta,Sr90/Y90 beta,25.0,0.00125,0.5,5.991464547107982,240341.90450064052,240.3419045006405,70.9,1.0,direct_primary_only_no_stable_air_avalanche_modeled,,1.0,1.135818e-17,1.1358180000000001e-05,10.0,50.0,5.6790900000000003e-08,5.6790900000000005e-05,5.0,20.0,not_enough,2200.0,False,air direct-primary estimate only; below rough corona-onset estimate
1800,75Ar25CO2,75Ar25CO2,cf_7p7um_core_plus_0p3um_ni_each_side,7.7 um CF core + 0.3 um Ni each side (8.3 um total dia.),cosmic_muon,cosmic muon,8.3,0.000415,0.5,7.09408485717363,611403.6531723154,611.4036531723154,130.0,0.95,diethorn_like_surrogate,111.87371819762815,1155714.4616407435,2.286546390922362e-11,22.86546390922362,10.0,50.0,0.11432731954611809,114.32731954611809,5.0,20.0,reliable,,False,75Ar25CO2 proportional-gain surrogate model
1800,75Ar25CO2,75Ar25CO2,cf_7p7um_core_plus_0p3um_ni_each_side,7.7 um CF core + 0.3 um Ni each side (8.3 um total dia.),sr90_beta,Sr90/Y90 beta,8.3,0.000415,0.5,7.09408485717363,611403.6531723154,611.4036531723154,121.0,0.95,diethorn_like_surrogate,111.87371819762815,1155714.4616407435,2.1282470253969675e-11,21.282470253969674,10.0,50.0,0.10641235126984837,106.41235126984837,5.0,20.0,reliable,,False,75Ar25CO2 proportional-gain surrogate model
1800,75Ar25CO2,75Ar25CO2,cf_25um,25 um carbon fiber,cosmic_muon,cosmic muon,25.0,0.00125,0.5,5.991464547107982,240341.90450064052,240.3419045006405,130.0,0.95,diethorn_like_surrogate,284.59456598762915,58344.94202468363,1.1543371744757582e-12,1.1543371744757582,10.0,50.0,0.005771685872378791,5.771685872378791,5.0,20.0,barely_visible,,False,75Ar25CO2 proportional-gain surrogate model
1800,75Ar25CO2,75Ar25CO2,cf_25um,25 um carbon fiber,sr90_beta,Sr90/Y90 beta,25.0,0.00125,0.5,5.991464547107982,240341.90450064052,240.3419045006405,121.0,0.95,diethorn_like_surrogate,284.59456598762915,58344.94202468363,1.0744215239351288e-12,1.074421523935129,10.0,50.0,0.005372107619675644,5.372107619675644,5.0,20.0,barely_visible,,False,75Ar25CO2 proportional-gain surrogate model
1825,air,air,cf_7p7um_core_plus_0p3um_ni_each_side,7.7 um CF core + 0.3 um Ni each side (8.3 um total dia.),cosmic_muon,cosmic muon,8.3,0.000415,0.5,7.09408485717363,619895.3705774865,619.8953705774865,70.0,1.0,direct_primary_only_no_stable_air_avalanche_modeled,,1.0,1.1214e-17,1.1214000000000001e-05,10.0,50.0,5.6070000000000005e-08,5.6070000000000004e-05,5.0,20.0,not_enough,1400.0,True,air direct-primary estimate only; above rough corona-onset estimate
1825,air,air,cf_7p7um_core_plus_0p3um_ni_each_side,7.7 um CF core + 0.3 um Ni each side (8.3 um total dia.),sr90_beta,Sr90/Y90 beta,8.3,0.000415,0.5,7.09408485717363,619895.3705774865,619.8953705774865,70.9,1.0,direct_primary_only_no_stable_air_avalanche_modeled,,1.0,1.135818e-17,1.1358180000000001e-05,10.0,50.0,5.6790900000000003e-08,5.6790900000000005e-05,5.0,20.0,not_enough,1400.0,True,air direct-primary estimate only; above rough corona-onset estimate
1825,air,air,cf_25um,25 um carbon fiber,cosmic_muon,cosmic muon,25.0,0.00125,0.5,5.991464547107982,243679.98650759386,243.67998650759387,70.0,1.0,direct_primary_only_no_stable_air_avalanche_modeled,,1.0,1.1214e-17,1.1214000000000001e-05,10.0,50.0,5.6070000000000005e-08,5.6070000000000004e-05,5.0,20.0,not_enough,2200.0,False,air direct-primary estimate only; below rough corona-onset estimate
1825,air,air,cf_25um,25 um carbon fiber,sr90_beta,Sr90/Y90 beta,25.0,0.00125,0.5,5.991464547107982,243679.98650759386,243.67998650759387,70.9,1.0,direct_primary_only_no_stable_air_avalanche_modeled,,1.0,1.135818e-17,1.1358180000000001e-05,10.0,50.0,5.6790900000000003e-08,5.6790900000000005e-05,5.0,20.0,not_enough,2200.0,False,air direct-primary estimate only; below rough corona-onset estimate
1825,75Ar25CO2,75Ar25CO2,cf_7p7um_core_plus_0p3um_ni_each_side,7.7 um CF core + 0.3 um Ni each side (8.3 um total dia.),cosmic_muon,cosmic muon,8.3,0.000415,0.5,7.09408485717363,619895.3705774865,619.8953705774865,130.0,0.95,diethorn_like_surrogate,111.87371819762815,1505137.8701657562,2.977870121986844e-11,29.778701219868438,10.0,50.0,0.14889350609934218,148.89350609934218,5.0,20.0,reliable,,False,75Ar25CO2 proportional-gain surrogate model
1825,75Ar25CO2,75Ar25CO2,cf_7p7um_core_plus_0p3um_ni_each_side,7.7 um CF core + 0.3 um Ni each side (8.3 um total dia.),sr90_beta,Sr90/Y90 beta,8.3,0.000415,0.5,7.09408485717363,619895.3705774865,619.8953705774865,121.0,0.95,diethorn_like_surrogate,111.87371819762815,1505137.8701657562,2.7717098827723696e-11,27.717098827723696,10.0,50.0,0.13858549413861848,138.5854941386185,5.0,20.0,reliable,,False,75Ar25CO2 proportional-gain surrogate model
1825,75Ar25CO2,75Ar25CO2,cf_25um,25 um carbon fiber,cosmic_muon,cosmic muon,25.0,0.00125,0.5,5.991464547107982,243679.98650759386,243.67998650759387,130.0,0.95,diethorn_like_surrogate,284.59456598762915,73847.14935349609,1.461043695814114e-12,1.461043695814114,10.0,50.0,0.00730521847907057,7.30521847907057,5.0,20.0,barely_visible,,False,75Ar25CO2 proportional-gain surrogate model
1825,75Ar25CO2,75Ar25CO2,cf_25um,25 um carbon fiber,sr90_beta,Sr90/Y90 beta,25.0,0.00125,0.5,5.991464547107982,243679.98650759386,243.67998650759387,121.0,0.95,diethorn_like_surrogate,284.59456598762915,73847.14935349609,1.3598945168731368e-12,1.359894516873137,10.0,50.0,0.006799472584365684,6.7994725843656845,5.0,20.0,barely_visible,,False,75Ar25CO2 proportional-gain surrogate model
1850,air,air,cf_7p7um_core_plus_0p3um_ni_each_side,7.7 um CF core + 0.3 um Ni each side (8.3 um total dia.),cosmic_muon,cosmic muon,8.3,0.000415,0.5,7.09408485717363,628387.0879826576,628.3870879826576,70.0,1.0,direct_primary_only_no_stable_air_avalanche_modeled,,1.0,1.1214e-17,1.1214000000000001e-05,10.0,50.0,5.6070000000000005e-08,5.6070000000000004e-05,5.0,20.0,not_enough,1400.0,True,air direct-primary estimate only; above rough corona-onset estimate
1850,air,air,cf_7p7um_core_plus_0p3um_ni_each_side,7.7 um CF core + 0.3 um Ni each side (8.3 um total dia.),sr90_beta,Sr90/Y90 beta,8.3,0.000415,0.5,7.09408485717363,628387.0879826576,628.3870879826576,70.9,1.0,direct_primary_only_no_stable_air_avalanche_modeled,,1.0,1.135818e-17,1.1358180000000001e-05,10.0,50.0,5.6790900000000003e-08,5.6790900000000005e-05,5.0,20.0,not_enough,1400.0,True,air direct-primary estimate only; above rough corona-onset estimate
1850,air,air,cf_25um,25 um carbon fiber,cosmic_muon,cosmic muon,25.0,0.00125,0.5,5.991464547107982,247018.06851454722,247.01806851454722,70.0,1.0,direct_primary_only_no_stable_air_avalanche_modeled,,1.0,1.1214e-17,1.1214000000000001e-05,10.0,50.0,5.6070000000000005e-08,5.6070000000000004e-05,5.0,20.0,not_enough,2200.0,False,air direct-primary estimate only; below rough corona-onset estimate
1850,air,air,cf_25um,25 um carbon fiber,sr90_beta,Sr90/Y90 beta,25.0,0.00125,0.5,5.991464547107982,247018.06851454722,247.01806851454722,70.9,1.0,direct_primary_only_no_stable_air_avalanche_modeled,,1.0,1.135818e-17,1.1358180000000001e-05,10.0,50.0,5.6790900000000003e-08,5.6790900000000005e-05,5.0,20.0,not_enough,2200.0,False,air direct-primary estimate only; below rough corona-onset estimate
1850,75Ar25CO2,75Ar25CO2,cf_7p7um_core_plus_0p3um_ni_each_side,7.7 um CF core + 0.3 um Ni each side (8.3 um total dia.),cosmic_muon,cosmic muon,8.3,0.000415,0.5,7.09408485717363,628387.0879826576,628.3870879826576,130.0,0.95,diethorn_like_surrogate,111.87371819762815,1962082.3731055295,3.881921112718097e-11,38.81921112718097,10.0,50.0,0.19409605563590485,194.09605563590483,5.0,20.0,reliable,,False,75Ar25CO2 proportional-gain surrogate model
1850,75Ar25CO2,75Ar25CO2,cf_7p7um_core_plus_0p3um_ni_each_side,7.7 um CF core + 0.3 um Ni each side (8.3 um total dia.),sr90_beta,Sr90/Y90 beta,8.3,0.000415,0.5,7.09408485717363,628387.0879826576,628.3870879826576,121.0,0.95,diethorn_like_surrogate,111.87371819762815,1962082.3731055295,3.613172727991459e-11,36.131727279914585,10.0,50.0,0.18065863639957294,180.65863639957294,5.0,20.0,reliable,,False,75Ar25CO2 proportional-gain surrogate model
1850,75Ar25CO2,75Ar25CO2,cf_25um,25 um carbon fiber,cosmic_muon,cosmic muon,25.0,0.00125,0.5,5.991464547107982,247018.06851454722,247.01806851454722,130.0,0.95,diethorn_like_surrogate,284.59456598762915,93574.14967306904,1.851336479036769e-12,1.851336479036769,10.0,50.0,0.009256682395183844,9.256682395183844,5.0,20.0,barely_visible,,False,75Ar25CO2 proportional-gain surrogate model
1850,75Ar25CO2,75Ar25CO2,cf_25um,25 um carbon fiber,sr90_beta,Sr90/Y90 beta,25.0,0.00125,0.5,5.991464547107982,247018.06851454722,247.01806851454722,121.0,0.95,diethorn_like_surrogate,284.59456598762915,93574.14967306904,1.7231670304880694e-12,1.7231670304880695,10.0,50.0,0.008615835152440347,8.615835152440347,5.0,20.0,barely_visible,,False,75Ar25CO2 proportional-gain surrogate model
1875,air,air,cf_7p7um_core_plus_0p3um_ni_each_side,7.7 um CF core + 0.3 um Ni each side (8.3 um total dia.),cosmic_muon,cosmic muon,8.3,0.000415,0.5,7.09408485717363,636878.8053878286,636.8788053878286,70.0,1.0,direct_primary_only_no_stable_air_avalanche_modeled,,1.0,1.1214e-17,1.1214000000000001e-05,10.0,50.0,5.6070000000000005e-08,5.6070000000000004e-05,5.0,20.0,not_enough,1400.0,True,air direct-primary estimate only; above rough corona-onset estimate
1875,air,air,cf_7p7um_core_plus_0p3um_ni_each_side,7.7 um CF core + 0.3 um Ni each side (8.3 um total dia.),sr90_beta,Sr90/Y90 beta,8.3,0.000415,0.5,7.09408485717363,636878.8053878286,636.8788053878286,70.9,1.0,direct_primary_only_no_stable_air_avalanche_modeled,,1.0,1.135818e-17,1.1358180000000001e-05,10.0,50.0,5.6790900000000003e-08,5.6790900000000005e-05,5.0,20.0,not_enough,1400.0,True,air direct-primary estimate only; above rough corona-onset estimate
1875,air,air,cf_25um,25 um carbon fiber,cosmic_muon,cosmic muon,25.0,0.00125,0.5,5.991464547107982,250356.15052150056,250.35615052150055,70.0,1.0,direct_primary_only_no_stable_air_avalanche_modeled,,1.0,1.1214e-17,1.1214000000000001e-05,10.0,50.0,5.6070000000000005e-08,5.6070000000000004e-05,5.0,20.0,not_enough,2200.0,False,air direct-primary estimate only; below rough corona-onset estimate
1875,air,air,cf_25um,25 um carbon fiber,sr90_beta,Sr90/Y90 beta,25.0,0.00125,0.5,5.991464547107982,250356.15052150056,250.35615052150055,70.9,1.0,direct_primary_only_no_stable_air_avalanche_modeled,,1.0,1.135818e-17,1.1358180000000001e-05,10.0,50.0,5.6790900000000003e-08,5.6790900000000005e-05,5.0,20.0,not_enough,2200.0,False,air direct-primary estimate only; below rough corona-onset estimate
1875,75Ar25CO2,75Ar25CO2,cf_7p7um_core_plus_0p3um_ni_each_side,7.7 um CF core + 0.3 um Ni each side (8.3 um total dia.),cosmic_muon,cosmic muon,8.3,0.000415,0.5,7.09408485717363,636878.8053878286,636.8788053878286,130.0,0.95,diethorn_like_surrogate,111.87371819762815,2560164.055966272,5.06520777980759e-11,50.6520777980759,10.0,50.0,0.2532603889903795,253.2603889903795,5.0,20.0,reliable,,False,75Ar25CO2 proportional-gain surrogate model
1875,75Ar25CO2,75Ar25CO2,cf_7p7um_core_plus_0p3um_ni_each_side,7.7 um CF core + 0.3 um Ni each side (8.3 um total dia.),sr90_beta,Sr90/Y90 beta,8.3,0.000415,0.5,7.09408485717363,636878.8053878286,636.8788053878286,121.0,0.95,diethorn_like_surrogate,111.87371819762815,2560164.055966272,4.7145395488978337e-11,47.14539548897834,10.0,50.0,0.23572697744489168,235.72697744489167,5.0,20.0,reliable,,False,75Ar25CO2 proportional-gain surrogate model
1875,75Ar25CO2,75Ar25CO2,cf_25um,25 um carbon fiber,cosmic_muon,cosmic muon,25.0,0.00125,0.5,5.991464547107982,250356.15052150056,250.35615052150055,130.0,0.95,diethorn_like_surrogate,284.59456598762915,118703.3649694748,2.348510464911568e-12,2.348510464911568,10.0,50.0,0.011742552324557839,11.742552324557838,5.0,20.0,barely_visible,,False,75Ar25CO2 proportional-gain surrogate model
1875,75Ar25CO2,75Ar25CO2,cf_25um,25 um carbon fiber,sr90_beta,Sr90/Y90 beta,25.0,0.00125,0.5,5.991464547107982,250356.15052150056,250.35615052150055,121.0,0.95,diethorn_like_surrogate,284.59456598762915,118703.3649694748,2.1859212788792286e-12,2.1859212788792286,10.0,50.0,0.010929606394396144,10.929606394396144,5.0,20.0,barely_visible,,False,75Ar25CO2 proportional-gain surrogate model
1900,air,air,cf_7p7um_core_plus_0p3um_ni_each_side,7.7 um CF core + 0.3 um Ni each side (8.3 um total dia.),cosmic_muon,cosmic muon,8.3,0.000415,0.5,7.09408485717363,645370.5227929996,645.3705227929996,70.0,1.0,direct_primary_only_no_stable_air_avalanche_modeled,,1.0,1.1214e-17,1.1214000000000001e-05,10.0,50.0,5.6070000000000005e-08,5.6070000000000004e-05,5.0,20.0,not_enough,1400.0,True,air direct-primary estimate only; above rough corona-onset estimate
1900,air,air,cf_7p7um_core_plus_0p3um_ni_each_side,7.7 um CF core + 0.3 um Ni each side (8.3 um total dia.),sr90_beta,Sr90/Y90 beta,8.3,0.000415,0.5,7.09408485717363,645370.5227929996,645.3705227929996,70.9,1.0,direct_primary_only_no_stable_air_avalanche_modeled,,1.0,1.135818e-17,1.1358180000000001e-05,10.0,50.0,5.6790900000000003e-08,5.6790900000000005e-05,5.0,20.0,not_enough,1400.0,True,air direct-primary estimate only; above rough corona-onset estimate
1900,air,air,cf_25um,25 um carbon fiber,cosmic_muon,cosmic muon,25.0,0.00125,0.5,5.991464547107982,253694.2325284539,253.6942325284539,70.0,1.0,direct_primary_only_no_stable_air_avalanche_modeled,,1.0,1.1214e-17,1.1214000000000001e-05,10.0,50.0,5.6070000000000005e-08,5.6070000000000004e-05,5.0,20.0,not_enough,2200.0,False,air direct-primary estimate only; below rough corona-onset estimate
1900,air,air,cf_25um,25 um carbon fiber,sr90_beta,Sr90/Y90 beta,25.0,0.00125,0.5,5.991464547107982,253694.2325284539,253.6942325284539,70.9,1.0,direct_primary_only_no_stable_air_avalanche_modeled,,1.0,1.135818e-17,1.1358180000000001e-05,10.0,50.0,5.6790900000000003e-08,5.6790900000000005e-05,5.0,20.0,not_enough,2200.0,False,air direct-primary estimate only; below rough corona-onset estimate
1900,75Ar25CO2,75Ar25CO2,cf_7p7um_core_plus_0p3um_ni_each_side,7.7 um CF core + 0.3 um Ni each side (8.3 um total dia.),cosmic_muon,cosmic muon,8.3,0.000415,0.5,7.09408485717363,645370.5227929996,645.3705227929996,130.0,0.95,diethorn_like_surrogate,111.87371819762815,3343663.0072727087,6.615336949998835e-11,66.15336949998834,10.0,50.0,0.33076684749994173,330.7668474999417,5.0,20.0,reliable,,False,75Ar25CO2 proportional-gain surrogate model
1900,75Ar25CO2,75Ar25CO2,cf_7p7um_core_plus_0p3um_ni_each_side,7.7 um CF core + 0.3 um Ni each side (8.3 um total dia.),sr90_beta,Sr90/Y90 beta,8.3,0.000415,0.5,7.09408485717363,645370.5227929996,645.3705227929996,121.0,0.95,diethorn_like_surrogate,111.87371819762815,3343663.0072727087,6.157352084229685e-11,61.57352084229685,10.0,50.0,0.30786760421148424,307.86760421148426,5.0,20.0,reliable,,False,75Ar25CO2 proportional-gain surrogate model
1900,75Ar25CO2,75Ar25CO2,cf_25um,25 um carbon fiber,cosmic_muon,cosmic muon,25.0,0.00125,0.5,5.991464547107982,253694.2325284539,253.6942325284539,130.0,0.95,diethorn_like_surrogate,284.59456598762915,150747.00476195695,2.9824842651138896e-12,2.9824842651138894,10.0,50.0,0.014912421325569448,14.912421325569449,5.0,20.0,barely_visible,,False,75Ar25CO2 proportional-gain surrogate model
1900,75Ar25CO2,75Ar25CO2,cf_25um,25 um carbon fiber,sr90_beta,Sr90/Y90 beta,25.0,0.00125,0.5,5.991464547107982,253694.2325284539,253.6942325284539,121.0,0.95,diethorn_like_surrogate,284.59456598762915,150747.00476195695,2.7760045852213893e-12,2.7760045852213895,10.0,50.0,0.013880022926106945,13.880022926106944,5.0,20.0,barely_visible,,False,75Ar25CO2 proportional-gain surrogate model
1925,air,air,cf_7p7um_core_plus_0p3um_ni_each_side,7.7 um CF core + 0.3 um Ni each side (8.3 um total dia.),cosmic_muon,cosmic muon,8.3,0.000415,0.5,7.09408485717363,653862.2401981708,653.8622401981708,70.0,1.0,direct_primary_only_no_stable_air_avalanche_modeled,,1.0,1.1214e-17,1.1214000000000001e-05,10.0,50.0,5.6070000000000005e-08,5.6070000000000004e-05,5.0,20.0,not_enough,1400.0,True,air direct-primary estimate only; above rough corona-onset estimate
1925,air,air,cf_7p7um_core_plus_0p3um_ni_each_side,7.7 um CF core + 0.3 um Ni each side (8.3 um total dia.),sr90_beta,Sr90/Y90 beta,8.3,0.000415,0.5,7.09408485717363,653862.2401981708,653.8622401981708,70.9,1.0,direct_primary_only_no_stable_air_avalanche_modeled,,1.0,1.135818e-17,1.1358180000000001e-05,10.0,50.0,5.6790900000000003e-08,5.6790900000000005e-05,5.0,20.0,not_enough,1400.0,True,air direct-primary estimate only; above rough corona-onset estimate
1925,air,air,cf_25um,25 um carbon fiber,cosmic_muon,cosmic muon,25.0,0.00125,0.5,5.991464547107982,257032.31453540723,257.03231453540724,70.0,1.0,direct_primary_only_no_stable_air_avalanche_modeled,,1.0,1.1214e-17,1.1214000000000001e-05,10.0,50.0,5.6070000000000005e-08,5.6070000000000004e-05,5.0,20.0,not_enough,2200.0,False,air direct-primary estimate only; below rough corona-onset estimate
1925,air,air,cf_25um,25 um carbon fiber,sr90_beta,Sr90/Y90 beta,25.0,0.00125,0.5,5.991464547107982,257032.31453540723,257.03231453540724,70.9,1.0,direct_primary_only_no_stable_air_avalanche_modeled,,1.0,1.135818e-17,1.1358180000000001e-05,10.0,50.0,5.6790900000000003e-08,5.6790900000000005e-05,5.0,20.0,not_enough,2200.0,False,air direct-primary estimate only; below rough corona-onset estimate
1925,75Ar25CO2,75Ar25CO2,cf_7p7um_core_plus_0p3um_ni_each_side,7.7 um CF core + 0.3 um Ni each side (8.3 um total dia.),cosmic_muon,cosmic muon,8.3,0.000415,0.5,7.09408485717363,653862.2401981708,653.8622401981708,130.0,0.95,diethorn_like_surrogate,111.87371819762815,4370951.94330768,8.647797291275945e-11,86.47797291275945,10.0,50.0,0.43238986456379724,432.38986456379723,5.0,20.0,reliable,,False,75Ar25CO2 proportional-gain surrogate model
1925,75Ar25CO2,75Ar25CO2,cf_7p7um_core_plus_0p3um_ni_each_side,7.7 um CF core + 0.3 um Ni each side (8.3 um total dia.),sr90_beta,Sr90/Y90 beta,8.3,0.000415,0.5,7.09408485717363,653862.2401981708,653.8622401981708,121.0,0.95,diethorn_like_surrogate,111.87371819762815,4370951.94330768,8.049103632649149e-11,80.49103632649148,10.0,50.0,0.4024551816324574,402.4551816324574,5.0,20.0,reliable,,False,75Ar25CO2 proportional-gain surrogate model
1925,75Ar25CO2,75Ar25CO2,cf_25um,25 um carbon fiber,cosmic_muon,cosmic muon,25.0,0.00125,0.5,5.991464547107982,257032.31453540723,257.03231453540724,130.0,0.95,diethorn_like_surrogate,284.59456598762915,191649.0084916379,3.791718138304508e-12,3.791718138304508,10.0,50.0,0.01895859069152254,18.95859069152254,5.0,20.0,barely_visible,,False,75Ar25CO2 proportional-gain surrogate model
1925,75Ar25CO2,75Ar25CO2,cf_25um,25 um carbon fiber,sr90_beta,Sr90/Y90 beta,25.0,0.00125,0.5,5.991464547107982,257032.31453540723,257.03231453540724,121.0,0.95,diethorn_like_surrogate,284.59456598762915,191649.0084916379,3.5292145748834268e-12,3.5292145748834267,10.0,50.0,0.017646072874417135,17.646072874417136,5.0,20.0,barely_visible,,False,75Ar25CO2 proportional-gain surrogate model
1950,air,air,cf_7p7um_core_plus_0p3um_ni_each_side,7.7 um CF core + 0.3 um Ni each side (8.3 um total dia.),cosmic_muon,cosmic muon,8.3,0.000415,0.5,7.09408485717363,662353.9576033418,662.3539576033418,70.0,1.0,direct_primary_only_no_stable_air_avalanche_modeled,,1.0,1.1214e-17,1.1214000000000001e-05,10.0,50.0,5.6070000000000005e-08,5.6070000000000004e-05,5.0,20.0,not_enough,1400.0,True,air direct-primary estimate only; above rough corona-onset estimate
1950,air,air,cf_7p7um_core_plus_0p3um_ni_each_side,7.7 um CF core + 0.3 um Ni each side (8.3 um total dia.),sr90_beta,Sr90/Y90 beta,8.3,0.000415,0.5,7.09408485717363,662353.9576033418,662.3539576033418,70.9,1.0,direct_primary_only_no_stable_air_avalanche_modeled,,1.0,1.135818e-17,1.1358180000000001e-05,10.0,50.0,5.6790900000000003e-08,5.6790900000000005e-05,5.0,20.0,not_enough,1400.0,True,air direct-primary estimate only; above rough corona-onset estimate
1950,air,air,cf_25um,25 um carbon fiber,cosmic_muon,cosmic muon,25.0,0.00125,0.5,5.991464547107982,260370.39654236057,260.3703965423606,70.0,1.0,direct_primary_only_no_stable_air_avalanche_modeled,,1.0,1.1214e-17,1.1214000000000001e-05,10.0,50.0,5.6070000000000005e-08,5.6070000000000004e-05,5.0,20.0,not_enough,2200.0,False,air direct-primary estimate only; below rough corona-onset estimate
1950,air,air,cf_25um,25 um carbon fiber,sr90_beta,Sr90/Y90 beta,25.0,0.00125,0.5,5.991464547107982,260370.39654236057,260.3703965423606,70.9,1.0,direct_primary_only_no_stable_air_avalanche_modeled,,1.0,1.135818e-17,1.1358180000000001e-05,10.0,50.0,5.6790900000000003e-08,5.6790900000000005e-05,5.0,20.0,not_enough,2200.0,False,air direct-primary estimate only; below rough corona-onset estimate
1950,75Ar25CO2,75Ar25CO2,cf_7p7um_core_plus_0p3um_ni_each_side,7.7 um CF core + 0.3 um Ni each side (8.3 um total dia.),cosmic_muon,cosmic muon,8.3,0.000415,0.5,7.09408485717363,662353.9576033418,662.3539576033418,130.0,0.95,diethorn_like_surrogate,111.87371819762815,5719040.99690656,1.1314951041149721e-10,113.1495104114972,10.0,50.0,0.5657475520574861,565.747552057486,5.0,20.0,reliable,,False,75Ar25CO2 proportional-gain surrogate model
1950,75Ar25CO2,75Ar25CO2,cf_7p7um_core_plus_0p3um_ni_each_side,7.7 um CF core + 0.3 um Ni each side (8.3 um total dia.),sr90_beta,Sr90/Y90 beta,8.3,0.000415,0.5,7.09408485717363,662353.9576033418,662.3539576033418,121.0,0.95,diethorn_like_surrogate,111.87371819762815,5719040.99690656,1.0531608276762432e-10,105.31608276762432,10.0,50.0,0.5265804138381216,526.5804138381216,5.0,20.0,reliable,,False,75Ar25CO2 proportional-gain surrogate model
1950,75Ar25CO2,75Ar25CO2,cf_25um,25 um carbon fiber,cosmic_muon,cosmic muon,25.0,0.00125,0.5,5.991464547107982,260370.39654236057,260.3703965423606,130.0,0.95,diethorn_like_surrogate,284.59456598762915,243910.53129429376,4.8256966884982136e-12,4.825696688498214,10.0,50.0,0.024128483442491067,24.128483442491067,5.0,20.0,reliable,,False,75Ar25CO2 proportional-gain surrogate model
1950,75Ar25CO2,75Ar25CO2,cf_25um,25 um carbon fiber,sr90_beta,Sr90/Y90 beta,25.0,0.00125,0.5,5.991464547107982,260370.39654236057,260.3703965423606,121.0,0.95,diethorn_like_surrogate,284.59456598762915,243910.53129429376,4.491609994679106e-12,4.491609994679106,10.0,50.0,0.02245804997339553,22.458049973395532,5.0,20.0,reliable,,False,75Ar25CO2 proportional-gain surrogate model
1975,air,air,cf_7p7um_core_plus_0p3um_ni_each_side,7.7 um CF core + 0.3 um Ni each side (8.3 um total dia.),cosmic_muon,cosmic muon,8.3,0.000415,0.5,7.09408485717363,670845.6750085128,670.8456750085128,70.0,1.0,direct_primary_only_no_stable_air_avalanche_modeled,,1.0,1.1214e-17,1.1214000000000001e-05,10.0,50.0,5.6070000000000005e-08,5.6070000000000004e-05,5.0,20.0,not_enough,1400.0,True,air direct-primary estimate only; above rough corona-onset estimate
1975,air,air,cf_7p7um_core_plus_0p3um_ni_each_side,7.7 um CF core + 0.3 um Ni each side (8.3 um total dia.),sr90_beta,Sr90/Y90 beta,8.3,0.000415,0.5,7.09408485717363,670845.6750085128,670.8456750085128,70.9,1.0,direct_primary_only_no_stable_air_avalanche_modeled,,1.0,1.135818e-17,1.1358180000000001e-05,10.0,50.0,5.6790900000000003e-08,5.6790900000000005e-05,5.0,20.0,not_enough,1400.0,True,air direct-primary estimate only; above rough corona-onset estimate
1975,air,air,cf_25um,25 um carbon fiber,cosmic_muon,cosmic muon,25.0,0.00125,0.5,5.991464547107982,263708.4785493139,263.7084785493139,70.0,1.0,direct_primary_only_no_stable_air_avalanche_modeled,,1.0,1.1214e-17,1.1214000000000001e-05,10.0,50.0,5.6070000000000005e-08,5.6070000000000004e-05,5.0,20.0,not_enough,2200.0,False,air direct-primary estimate only; below rough corona-onset estimate
1975,air,air,cf_25um,25 um carbon fiber,sr90_beta,Sr90/Y90 beta,25.0,0.00125,0.5,5.991464547107982,263708.4785493139,263.7084785493139,70.9,1.0,direct_primary_only_no_stable_air_avalanche_modeled,,1.0,1.135818e-17,1.1358180000000001e-05,10.0,50.0,5.6790900000000003e-08,5.6790900000000005e-05,5.0,20.0,not_enough,2200.0,False,air direct-primary estimate only; below rough corona-onset estimate
1975,75Ar25CO2,75Ar25CO2,cf_7p7um_core_plus_0p3um_ni_each_side,7.7 um CF core + 0.3 um Ni each side (8.3 um total dia.),cosmic_muon,cosmic muon,8.3,0.000415,0.5,7.09408485717363,670845.6750085128,670.8456750085128,130.0,0.95,diethorn_like_surrogate,111.87371819762815,7489606.278010146,1.4817961332854733e-10,148.17961332854733,10.0,50.0,0.7408980666427366,740.8980666427366,5.0,20.0,reliable,,False,75Ar25CO2 proportional-gain surrogate model
1975,75Ar25CO2,75Ar25CO2,cf_7p7um_core_plus_0p3um_ni_each_side,7.7 um CF core + 0.3 um Ni each side (8.3 um total dia.),sr90_beta,Sr90/Y90 beta,8.3,0.000415,0.5,7.09408485717363,670845.6750085128,670.8456750085128,121.0,0.95,diethorn_like_surrogate,111.87371819762815,7489606.278010146,1.3792102471349404e-10,137.92102471349403,10.0,50.0,0.6896051235674703,689.6051235674703,5.0,20.0,reliable,,False,75Ar25CO2 proportional-gain surrogate model
1975,75Ar25CO2,75Ar25CO2,cf_25um,25 um carbon fiber,cosmic_muon,cosmic muon,25.0,0.00125,0.5,5.991464547107982,263708.4785493139,263.7084785493139,130.0,0.95,diethorn_like_surrogate,284.59456598762915,310752.50790747046,6.1481451431969304e-12,6.14814514319693,10.0,50.0,0.030740725715984654,30.740725715984652,5.0,20.0,reliable,,False,75Ar25CO2 proportional-gain surrogate model
1975,75Ar25CO2,75Ar25CO2,cf_25um,25 um carbon fiber,sr90_beta,Sr90/Y90 beta,25.0,0.00125,0.5,5.991464547107982,263708.4785493139,263.7084785493139,121.0,0.95,diethorn_like_surrogate,284.59456598762915,310752.50790747046,5.722504325590989e-12,5.722504325590989,10.0,50.0,0.028612521627954943,28.612521627954944,5.0,20.0,reliable,,False,75Ar25CO2 proportional-gain surrogate model
2000,air,air,cf_7p7um_core_plus_0p3um_ni_each_side,7.7 um CF core + 0.3 um Ni each side (8.3 um total dia.),cosmic_muon,cosmic muon,8.3,0.000415,0.5,7.09408485717363,679337.3924136838,679.3373924136838,70.0,1.0,direct_primary_only_no_stable_air_avalanche_modeled,,1.0,1.1214e-17,1.1214000000000001e-05,10.0,50.0,5.6070000000000005e-08,5.6070000000000004e-05,5.0,20.0,not_enough,1400.0,True,air direct-primary estimate only; above rough corona-onset estimate
2000,air,air,cf_7p7um_core_plus_0p3um_ni_each_side,7.7 um CF core + 0.3 um Ni each side (8.3 um total dia.),sr90_beta,Sr90/Y90 beta,8.3,0.000415,0.5,7.09408485717363,679337.3924136838,679.3373924136838,70.9,1.0,direct_primary_only_no_stable_air_avalanche_modeled,,1.0,1.135818e-17,1.1358180000000001e-05,10.0,50.0,5.6790900000000003e-08,5.6790900000000005e-05,5.0,20.0,not_enough,1400.0,True,air direct-primary estimate only; above rough corona-onset estimate
2000,air,air,cf_25um,25 um carbon fiber,cosmic_muon,cosmic muon,25.0,0.00125,0.5,5.991464547107982,267046.5605562673,267.04656055626725,70.0,1.0,direct_primary_only_no_stable_air_avalanche_modeled,,1.0,1.1214e-17,1.1214000000000001e-05,10.0,50.0,5.6070000000000005e-08,5.6070000000000004e-05,5.0,20.0,not_enough,2200.0,False,air direct-primary estimate only; below rough corona-onset estimate
2000,air,air,cf_25um,25 um carbon fiber,sr90_beta,Sr90/Y90 beta,25.0,0.00125,0.5,5.991464547107982,267046.5605562673,267.04656055626725,70.9,1.0,direct_primary_only_no_stable_air_avalanche_modeled,,1.0,1.135818e-17,1.1358180000000001e-05,10.0,50.0,5.6790900000000003e-08,5.6790900000000005e-05,5.0,20.0,not_enough,2200.0,False,air direct-primary estimate only; below rough corona-onset estimate
2000,75Ar25CO2,75Ar25CO2,cf_7p7um_core_plus_0p3um_ni_each_side,7.7 um CF core + 0.3 um Ni each side (8.3 um total dia.),cosmic_muon,cosmic muon,8.3,0.000415,0.5,7.09408485717363,679337.3924136838,679.3373924136838,130.0,0.95,diethorn_like_surrogate,111.87371819762815,9816992.212218244,1.9422624582107427e-10,194.22624582107426,10.0,50.0,0.9711312291053714,971.1312291053714,5.0,20.0,reliable,,False,75Ar25CO2 proportional-gain surrogate model
2000,75Ar25CO2,75Ar25CO2,cf_7p7um_core_plus_0p3um_ni_each_side,7.7 um CF core + 0.3 um Ni each side (8.3 um total dia.),sr90_beta,Sr90/Y90 beta,8.3,0.000415,0.5,7.09408485717363,679337.3924136838,679.3373924136838,121.0,0.95,diethorn_like_surrogate,111.87371819762815,9816992.212218244,1.8077981341807681e-10,180.77981341807683,10.0,50.0,0.9038990670903841,903.8990670903842,5.0,20.0,reliable,,False,75Ar25CO2 proportional-gain surrogate model
2000,75Ar25CO2,75Ar25CO2,cf_25um,25 um carbon fiber,cosmic_muon,cosmic muon,25.0,0.00125,0.5,5.991464547107982,267046.5605562673,267.04656055626725,130.0,0.95,diethorn_like_surrogate,284.59456598762915,396326.4182571442,7.841199287292121e-12,7.841199287292121,10.0,50.0,0.039205996436460604,39.2059964364606,5.0,20.0,reliable,,False,75Ar25CO2 proportional-gain surrogate model
2000,75Ar25CO2,75Ar25CO2,cf_25um,25 um carbon fiber,sr90_beta,Sr90/Y90 beta,25.0,0.00125,0.5,5.991464547107982,267046.5605562673,267.04656055626725,121.0,0.95,diethorn_like_surrogate,284.59456598762915,396326.4182571442,7.298347028941128e-12,7.298347028941127,10.0,50.0,0.03649173514470564,36.49173514470564,5.0,20.0,reliable,,False,75Ar25CO2 proportional-gain surrogate model
2025,air,air,cf_7p7um_core_plus_0p3um_ni_each_side,7.7 um CF core + 0.3 um Ni each side (8.3 um total dia.),cosmic_muon,cosmic muon,8.3,0.000415,0.5,7.09408485717363,687829.109818855,687.8291098188549,70.0,1.0,direct_primary_only_no_stable_air_avalanche_modeled,,1.0,1.1214e-17,1.1214000000000001e-05,10.0,50.0,5.6070000000000005e-08,5.6070000000000004e-05,5.0,20.0,not_enough,1400.0,True,air direct-primary estimate only; above rough corona-onset estimate
2025,air,air,cf_7p7um_core_plus_0p3um_ni_each_side,7.7 um CF core + 0.3 um Ni each side (8.3 um total dia.),sr90_beta,Sr90/Y90 beta,8.3,0.000415,0.5,7.09408485717363,687829.109818855,687.8291098188549,70.9,1.0,direct_primary_only_no_stable_air_avalanche_modeled,,1.0,1.135818e-17,1.1358180000000001e-05,10.0,50.0,5.6790900000000003e-08,5.6790900000000005e-05,5.0,20.0,not_enough,1400.0,True,air direct-primary estimate only; above rough corona-onset estimate
2025,air,air,cf_25um,25 um carbon fiber,cosmic_muon,cosmic muon,25.0,0.00125,0.5,5.991464547107982,270384.6425632206,270.38464256322055,70.0,1.0,direct_primary_only_no_stable_air_avalanche_modeled,,1.0,1.1214e-17,1.1214000000000001e-05,10.0,50.0,5.6070000000000005e-08,5.6070000000000004e-05,5.0,20.0,not_enough,2200.0,False,air direct-primary estimate only; below rough corona-onset estimate
2025,air,air,cf_25um,25 um carbon fiber,sr90_beta,Sr90/Y90 beta,25.0,0.00125,0.5,5.991464547107982,270384.6425632206,270.38464256322055,70.9,1.0,direct_primary_only_no_stable_air_avalanche_modeled,,1.0,1.135818e-17,1.1358180000000001e-05,10.0,50.0,5.6790900000000003e-08,5.6790900000000005e-05,5.0,20.0,not_enough,2200.0,False,air direct-primary estimate only; below rough corona-onset estimate
2025,75Ar25CO2,75Ar25CO2,cf_7p7um_core_plus_0p3um_ni_each_side,7.7 um CF core + 0.3 um Ni each side (8.3 um total dia.),cosmic_muon,cosmic muon,8.3,0.000415,0.5,7.09408485717363,687829.109818855,687.8291098188549,130.0,0.95,diethorn_like_surrogate,111.87371819762815,12878841.236515231,2.5480401021208287e-10,254.80401021208286,10.0,50.0,1.2740200510604143,1274.0200510604143,5.0,20.0,reliable,,False,75Ar25CO2 proportional-gain surrogate model
2025,75Ar25CO2,75Ar25CO2,cf_7p7um_core_plus_0p3um_ni_each_side,7.7 um CF core + 0.3 um Ni each side (8.3 um total dia.),sr90_beta,Sr90/Y90 beta,8.3,0.000415,0.5,7.09408485717363,687829.109818855,687.8291098188549,121.0,0.95,diethorn_like_surrogate,111.87371819762815,12878841.236515231,2.371637325820156e-10,237.1637325820156,10.0,50.0,1.185818662910078,1185.818662910078,5.0,20.0,reliable,,False,75Ar25CO2 proportional-gain surrogate model
2025,75Ar25CO2,75Ar25CO2,cf_25um,25 um carbon fiber,cosmic_muon,cosmic muon,25.0,0.00125,0.5,5.991464547107982,270384.6425632206,270.38464256322055,130.0,0.95,diethorn_like_surrogate,284.59456598762915,505987.76288970496,1.0010816092443945e-11,10.010816092443944,10.0,50.0,0.05005408046221973,50.05408046221973,5.0,20.0,reliable,,False,75Ar25CO2 proportional-gain surrogate model
2025,75Ar25CO2,75Ar25CO2,cf_25um,25 um carbon fiber,sr90_beta,Sr90/Y90 beta,25.0,0.00125,0.5,5.991464547107982,270384.6425632206,270.38464256322055,121.0,0.95,diethorn_like_surrogate,284.59456598762915,505987.76288970496,9.317759593736287e-12,9.317759593736287,10.0,50.0,0.046588797968681435,46.58879796868143,5.0,20.0,reliable,,False,75Ar25CO2 proportional-gain surrogate model
2050,air,air,cf_7p7um_core_plus_0p3um_ni_each_side,7.7 um CF core + 0.3 um Ni each side (8.3 um total dia.),cosmic_muon,cosmic muon,8.3,0.000415,0.5,7.09408485717363,696320.827224026,696.320827224026,70.0,1.0,direct_primary_only_no_stable_air_avalanche_modeled,,1.0,1.1214e-17,1.1214000000000001e-05,10.0,50.0,5.6070000000000005e-08,5.6070000000000004e-05,5.0,20.0,not_enough,1400.0,True,air direct-primary estimate only; above rough corona-onset estimate
2050,air,air,cf_7p7um_core_plus_0p3um_ni_each_side,7.7 um CF core + 0.3 um Ni each side (8.3 um total dia.),sr90_beta,Sr90/Y90 beta,8.3,0.000415,0.5,7.09408485717363,696320.827224026,696.320827224026,70.9,1.0,direct_primary_only_no_stable_air_avalanche_modeled,,1.0,1.135818e-17,1.1358180000000001e-05,10.0,50.0,5.6790900000000003e-08,5.6790900000000005e-05,5.0,20.0,not_enough,1400.0,True,air direct-primary estimate only; above rough corona-onset estimate
2050,air,air,cf_25um,25 um carbon fiber,cosmic_muon,cosmic muon,25.0,0.00125,0.5,5.991464547107982,273722.72457017394,273.72272457017397,70.0,1.0,direct_primary_only_no_stable_air_avalanche_modeled,,1.0,1.1214e-17,1.1214000000000001e-05,10.0,50.0,5.6070000000000005e-08,5.6070000000000004e-05,5.0,20.0,not_enough,2200.0,False,air direct-primary estimate only; below rough corona-onset estimate
2050,air,air,cf_25um,25 um carbon fiber,sr90_beta,Sr90/Y90 beta,25.0,0.00125,0.5,5.991464547107982,273722.72457017394,273.72272457017397,70.9,1.0,direct_primary_only_no_stable_air_avalanche_modeled,,1.0,1.135818e-17,1.1358180000000001e-05,10.0,50.0,5.6790900000000003e-08,5.6790900000000005e-05,5.0,20.0,not_enough,2200.0,False,air direct-primary estimate only; below rough corona-onset estimate
2050,75Ar25CO2,75Ar25CO2,cf_7p7um_core_plus_0p3um_ni_each_side,7.7 um CF core + 0.3 um Ni each side (8.3 um total dia.),cosmic_muon,cosmic muon,8.3,0.000415,0.5,7.09408485717363,696320.827224026,696.320827224026,130.0,0.95,diethorn_like_surrogate,111.87371819762815,16910223.164632294,3.3456369224530053e-10,334.56369224530056,10.0,50.0,1.6728184612265027,1672.8184612265027,5.0,20.0,reliable,,False,75Ar25CO2 proportional-gain surrogate model
2050,75Ar25CO2,75Ar25CO2,cf_7p7um_core_plus_0p3um_ni_each_side,7.7 um CF core + 0.3 um Ni each side (8.3 um total dia.),sr90_beta,Sr90/Y90 beta,8.3,0.000415,0.5,7.09408485717363,696320.827224026,696.320827224026,121.0,0.95,diethorn_like_surrogate,111.87371819762815,16910223.164632294,3.11401590474472e-10,311.401590474472,10.0,50.0,1.5570079523723601,1557.00795237236,5.0,20.0,reliable,,False,75Ar25CO2 proportional-gain surrogate model
2050,75Ar25CO2,75Ar25CO2,cf_25um,25 um carbon fiber,cosmic_muon,cosmic muon,25.0,0.00125,0.5,5.991464547107982,273722.72457017394,273.72272457017397,130.0,0.95,diethorn_like_surrogate,284.59456598762915,646651.1846008677,1.2793799691972787e-11,12.793799691972787,10.0,50.0,0.06396899845986392,63.968998459863926,5.0,20.0,reliable,,False,75Ar25CO2 proportional-gain surrogate model
2050,75Ar25CO2,75Ar25CO2,cf_25um,25 um carbon fiber,sr90_beta,Sr90/Y90 beta,25.0,0.00125,0.5,5.991464547107982,273722.72457017394,273.72272457017397,121.0,0.95,diethorn_like_surrogate,284.59456598762915,646651.1846008677,1.1908075097913131e-11,11.90807509791313,10.0,50.0,0.05954037548956565,59.540375489565655,5.0,20.0,reliable,,False,75Ar25CO2 proportional-gain surrogate model
2075,air,air,cf_7p7um_core_plus_0p3um_ni_each_side,7.7 um CF core + 0.3 um Ni each side (8.3 um total dia.),cosmic_muon,cosmic muon,8.3,0.000415,0.5,7.09408485717363,704812.544629197,704.812544629197,70.0,1.0,direct_primary_only_no_stable_air_avalanche_modeled,,1.0,1.1214e-17,1.1214000000000001e-05,10.0,50.0,5.6070000000000005e-08,5.6070000000000004e-05,5.0,20.0,not_enough,1400.0,True,air direct-primary estimate only; above rough corona-onset estimate
2075,air,air,cf_7p7um_core_plus_0p3um_ni_each_side,7.7 um CF core + 0.3 um Ni each side (8.3 um total dia.),sr90_beta,Sr90/Y90 beta,8.3,0.000415,0.5,7.09408485717363,704812.544629197,704.812544629197,70.9,1.0,direct_primary_only_no_stable_air_avalanche_modeled,,1.0,1.135818e-17,1.1358180000000001e-05,10.0,50.0,5.6790900000000003e-08,5.6790900000000005e-05,5.0,20.0,not_enough,1400.0,True,air direct-primary estimate only; above rough corona-onset estimate
2075,air,air,cf_25um,25 um carbon fiber,cosmic_muon,cosmic muon,25.0,0.00125,0.5,5.991464547107982,277060.80657712725,277.06080657712727,70.0,1.0,direct_primary_only_no_stable_air_avalanche_modeled,,1.0,1.1214e-17,1.1214000000000001e-05,10.0,50.0,5.6070000000000005e-08,5.6070000000000004e-05,5.0,20.0,not_enough,2200.0,False,air direct-primary estimate only; below rough corona-onset estimate
2075,air,air,cf_25um,25 um carbon fiber,sr90_beta,Sr90/Y90 beta,25.0,0.00125,0.5,5.991464547107982,277060.80657712725,277.06080657712727,70.9,1.0,direct_primary_only_no_stable_air_avalanche_modeled,,1.0,1.135818e-17,1.1358180000000001e-05,10.0,50.0,5.6790900000000003e-08,5.6790900000000005e-05,5.0,20.0,not_enough,2200.0,False,air direct-primary estimate only; below rough corona-onset estimate
2075,75Ar25CO2,75Ar25CO2,cf_7p7um_core_plus_0p3um_ni_each_side,7.7 um CF core + 0.3 um Ni each side (8.3 um total dia.),cosmic_muon,cosmic muon,8.3,0.000415,0.5,7.09408485717363,704812.544629197,704.812544629197,130.0,0.95,diethorn_like_surrogate,111.87371819762815,22222429.208772145,4.3966409516679425e-10,439.66409516679425,10.0,50.0,2.198320475833971,2198.320475833971,5.0,20.0,reliable,,False,75Ar25CO2 proportional-gain surrogate model
2075,75Ar25CO2,75Ar25CO2,cf_7p7um_core_plus_0p3um_ni_each_side,7.7 um CF core + 0.3 um Ni each side (8.3 um total dia.),sr90_beta,Sr90/Y90 beta,8.3,0.000415,0.5,7.09408485717363,704812.544629197,704.812544629197,121.0,0.95,diethorn_like_surrogate,111.87371819762815,22222429.208772145,4.092258116552469e-10,409.2258116552469,10.0,50.0,2.0461290582762346,2046.1290582762347,5.0,20.0,reliable,,False,75Ar25CO2 proportional-gain surrogate model
2075,75Ar25CO2,75Ar25CO2,cf_25um,25 um carbon fiber,cosmic_muon,cosmic muon,25.0,0.00125,0.5,5.991464547107982,277060.80657712725,277.06080657712727,130.0,0.95,diethorn_like_surrogate,284.59456598762915,827251.9701432404,1.636693205369297e-11,16.36693205369297,10.0,50.0,0.08183466026846485,81.83466026846484,5.0,20.0,reliable,,False,75Ar25CO2 proportional-gain surrogate model
2075,75Ar25CO2,75Ar25CO2,cf_25um,25 um carbon fiber,sr90_beta,Sr90/Y90 beta,25.0,0.00125,0.5,5.991464547107982,277060.80657712725,277.06080657712727,121.0,0.95,diethorn_like_surrogate,284.59456598762915,827251.9701432404,1.523383675766807e-11,15.233836757668069,10.0,50.0,0.07616918378834035,76.16918378834035,5.0,20.0,reliable,,False,75Ar25CO2 proportional-gain surrogate model
2100,air,air,cf_7p7um_core_plus_0p3um_ni_each_side,7.7 um CF core + 0.3 um Ni each side (8.3 um total dia.),cosmic_muon,cosmic muon,8.3,0.000415,0.5,7.09408485717363,713304.262034368,713.304262034368,70.0,1.0,direct_primary_only_no_stable_air_avalanche_modeled,,1.0,1.1214e-17,1.1214000000000001e-05,10.0,50.0,5.6070000000000005e-08,5.6070000000000004e-05,5.0,20.0,not_enough,1400.0,True,air direct-primary estimate only; above rough corona-onset estimate
2100,air,air,cf_7p7um_core_plus_0p3um_ni_each_side,7.7 um CF core + 0.3 um Ni each side (8.3 um total dia.),sr90_beta,Sr90/Y90 beta,8.3,0.000415,0.5,7.09408485717363,713304.262034368,713.304262034368,70.9,1.0,direct_primary_only_no_stable_air_avalanche_modeled,,1.0,1.135818e-17,1.1358180000000001e-05,10.0,50.0,5.6790900000000003e-08,5.6790900000000005e-05,5.0,20.0,not_enough,1400.0,True,air direct-primary estimate only; above rough corona-onset estimate
2100,air,air,cf_25um,25 um carbon fiber,cosmic_muon,cosmic muon,25.0,0.00125,0.5,5.991464547107982,280398.8885840806,280.3988885840806,70.0,1.0,direct_primary_only_no_stable_air_avalanche_modeled,,1.0,1.1214e-17,1.1214000000000001e-05,10.0,50.0,5.6070000000000005e-08,5.6070000000000004e-05,5.0,20.0,not_enough,2200.0,False,air direct-primary estimate only; below rough corona-onset estimate
2100,air,air,cf_25um,25 um carbon fiber,sr90_beta,Sr90/Y90 beta,25.0,0.00125,0.5,5.991464547107982,280398.8885840806,280.3988885840806,70.9,1.0,direct_primary_only_no_stable_air_avalanche_modeled,,1.0,1.135818e-17,1.1358180000000001e-05,10.0,50.0,5.6790900000000003e-08,5.6790900000000005e-05,5.0,20.0,not_enough,2200.0,False,air direct-primary estimate only; below rough corona-onset estimate
2100,75Ar25CO2,75Ar25CO2,cf_7p7um_core_plus_0p3um_ni_each_side,7.7 um CF core + 0.3 um Ni each side (8.3 um total dia.),cosmic_muon,cosmic muon,8.3,0.000415,0.5,7.09408485717363,713304.262034368,713.304262034368,130.0,0.95,diethorn_like_surrogate,111.87371819762815,29227987.4929783,5.782669641523278e-10,578.2669641523278,10.0,50.0,2.8913348207616387,2891.3348207616386,5.0,20.0,reliable,,False,75Ar25CO2 proportional-gain surrogate model
2100,75Ar25CO2,75Ar25CO2,cf_7p7um_core_plus_0p3um_ni_each_side,7.7 um CF core + 0.3 um Ni each side (8.3 um total dia.),sr90_beta,Sr90/Y90 beta,8.3,0.000415,0.5,7.09408485717363,713304.262034368,713.304262034368,121.0,0.95,diethorn_like_surrogate,111.87371819762815,29227987.4929783,5.382330974033204e-10,538.2330974033204,10.0,50.0,2.691165487016602,2691.165487016602,5.0,20.0,reliable,,False,75Ar25CO2 proportional-gain surrogate model
2100,75Ar25CO2,75Ar25CO2,cf_25um,25 um carbon fiber,cosmic_muon,cosmic muon,25.0,0.00125,0.5,5.991464547107982,280398.8885840806,280.3988885840806,130.0,0.95,diethorn_like_surrogate,284.59456598762915,1059346.261447328,2.095884797885695e-11,20.958847978856948,10.0,50.0,0.10479423989428474,104.79423989428474,5.0,20.0,reliable,,False,75Ar25CO2 proportional-gain surrogate model
2100,75Ar25CO2,75Ar25CO2,cf_25um,25 um carbon fiber,sr90_beta,Sr90/Y90 beta,25.0,0.00125,0.5,5.991464547107982,280398.8885840806,280.3988885840806,121.0,0.95,diethorn_like_surrogate,284.59456598762915,1059346.261447328,1.9507850811089926e-11,19.507850811089927,10.0,50.0,0.09753925405544962,97.53925405544962,5.0,20.0,reliable,,False,75Ar25CO2 proportional-gain surrogate model
